,Title,City,Price,Time,City1,Street
0,Appartement prestigi à riad,Rabat / Agdal,5500,28 Nov 2022 12:49,Rabat,Agdal
1,Appartement situé tyad,Rabat / Agdal,7500,27 Nov 2022 11:54,Rabat,Agdal
3,Location appartement meublé à Hay Riad Prestigia,Rabat / Hay Ryad,10000,26 Nov 2022 17:05,Rabat,Hay Ryad
5,Appartement road,Rabat,5500,25 Nov 2022 12:06,Rabat,Rabat
7,Appartement F1 spacieux entièrement rénové,Rabat / Agdal,7000,24 Nov 2022 19:22,Rabat,Agdal
8,Location appartement Hay El FATH,Rabat / Hay Al Fath,3500,23 Nov 2022 22:22,Rabat,Hay Al Fath
9,Location d'un appartement à Tanger,Rabat,2500,23 Nov 2022 01:21,Rabat,Rabat
10,Location d'un appartement à wifac -Temara,Rabat,4000,23 Nov 2022 01:21,Rabat,Rabat
11,Appartement wifak temara,Rabat / Agdal,4900,22 Nov 2022 04:27,Rabat,Agdal
12,Appartement prestigieux 5800,Rabat / Agdal,5800,21 Nov 2022 12:06,Rabat,Agdal
13,Appartement meuble a hassan,Rabat / Hassan,7500,21 Nov 2022 11:42,Rabat,Hassan
14,Appartement a hassan,Rabat / Hassan,8000,20 Nov 2022 12:05,Rabat,Hassan
15,APPARTEMENT MEUBLE PROCHE LA GARE RABAT VILLE,Rabat / Hassan,7000,20 Nov 2022 12:05,Rabat,Hassan
18,Bel appartement hayryad57m,Rabat / Hay Ryad,5800,19 Nov 2022 00:11,Rabat,Hay Ryad
20,Appartement Haut standing au haut Agdal,Rabat / Agdal,8000,18 Nov 2022 00:35,Rabat,Agdal
21,Location appartement neuf à Jnane Souissi Rabat,Rabat / Souissi,10000,18 Nov 2022 00:35,Rabat,Souissi
25,Appartement prègare agdal,Rabat / Agdal,3900,16 Nov 2022 09:46,Rabat,Agdal
28,Appartement à louer,Rabat / Diour Jamaa,4800,11 Nov 2022 11:55,Rabat,Diour Jamaa
29,Appartementmt stdg 2 s 3ch c vlle,Rabat / Centre ville,4500,11 Nov 2022 11:53,Rabat,Centre ville
30,Appartement meublée sur Agdal,Rabat / Agdal,9000,10 Nov 2022 10:40,Rabat,Agdal
31,APPARTEMENT MEUBLE A LOUER A RABAT,Rabat,7500,10 Nov 2022 10:40,Rabat,Rabat
32,Cherche une appartement pour location a rabat,Rabat,3000,09 Nov 2022 23:25,Rabat,Rabat
33,Appartement à louer,Rabat / Hay Al Fath,3500,09 Nov 2022 20:46,Rabat,Hay Al Fath
34,Apparement confortable,Rabat,2700,09 Nov 2022 16:54,Rabat,Rabat
35,Location Appartement commercial a Sala al jadida,Rabat / Sala Jadida,5000,09 Nov 2022 12:45,Rabat,Sala Jadida
36,Appartement meublée au centre de Rabat,Rabat / Hassan,8000,09 Nov 2022 11:18,Rabat,Hassan
37,APPARTEMENT MEUBLE PROCHE DE LA CDG,Rabat / Hassan,6000,09 Nov 2022 11:18,Rabat,Hassan
38,LOCATION D'UN APPARTEMENT MEUBLE,Rabat / Agdal,8500,09 Nov 2022 11:17,Rabat,Agdal
39,Appartement meublÉ a rabat,Rabat,6500,09 Nov 2022 11:17,Rabat,Rabat
40,Appartement ryad 55m,Rabat / Agdal,5000,09 Nov 2022 11:17,Rabat,Agdal
41,Appartement à louer à Agdal Rabat.,Rabat,7000,08 Nov 2022 15:23,Rabat,Rabat
42,Appartement à harhoura bien ensoleillé,Rabat,4000,08 Nov 2022 14:06,Rabat,Rabat
43,Location apparte  proffessionnel a Sala aljadida,Rabat / Sala Jadida,5000,08 Nov 2022 11:04,Rabat,Sala Jadida
44,Appartement Haut standing au haut Agdal,Rabat / Agdal,8000,08 Nov 2022 05:49,Rabat,Agdal
45,COQUET APPARTEMENT 2 PIÈCES MEUBLÉ,Rabat / Hassan,5500,07 Nov 2022 10:39,Rabat,Hassan
46,Un grande appartement en location à DIOUR JAMAA,Rabat / Diour Jamaa,5500,07 Nov 2022 10:39,Rabat,Diour Jamaa
47,Appartemment meublé à harhoura,Rabat / Harhoura,4200,06 Nov 2022 20:31,Rabat,Harhoura
48,Apparemment meublé à harhoura,Rabat / Harhoura,4200,06 Nov 2022 20:31,Rabat,Harhoura
49,APPARTEMENT USAGE BUREAU,Rabat / Agdal,9500,04 Nov 2022 14:53,Rabat,Agdal
50,APPARTEMENT BIEN MEUBLEE SUR AGDAL ...,Rabat,9000,04 Nov 2022 11:08,Rabat,Rabat
51,Location journalier d'un appartement meublé,Rabat,950,03 Nov 2022 11:35,Rabat,Rabat
52,Location d'un appartement  vide,Rabat / Agdal,5500,02 Nov 2022 17:30,Rabat,Agdal
53,Appartement 3 chambres,Rabat / Yacoub El Mansour,4000,02 Nov 2022 10:08,Rabat,Yacoub El Mansour
55,Appartement Ouargha Agdal,Rabat / Agdal,9000,01 Nov 2022 14:56,Rabat,Agdal
57,Appartement 3 pièces 113 m² a louer diour jamaa,Rabat / Diour Jamaa,5000,31 Oct 2022 22:23,Rabat,Diour Jamaa
58,Appart duplexe meublé à louer Wifak Temara,Rabat,4800,28 Oct 2022 23:07,Rabat,Rabat
59,Appartement à louer,Rabat / Hay Ryad,13000,28 Oct 2022 23:07,Rabat,Hay Ryad
60,Appartement à louer sur mahaj,Rabat / Hay Ryad,5800,28 Oct 2022 12:44,Rabat,Hay Ryad
61,Appartement a résidence assabah,Rabat / Yacoub El Mansour,4000,27 Oct 2022 10:44,Rabat,Yacoub El Mansour
62,Appartement avec deux faÇades dans un immeuble,Rabat,6000,26 Oct 2022 18:14,Rabat,Rabat
63,LOCATION VIDE UN BEL APT SITUE A LYCÉE DESCARTE,Rabat,8000,26 Oct 2022 18:14,Rabat,Rabat
64,APPARTEMENT A LOUER A HAY EL MANEH RABAT 4 PIECES,Rabat / Yacoub El Mansour,5000,26 Oct 2022 11:08,Rabat,Yacoub El Mansour
65,APPARTEMENT 3P MEUBLE A PLACE PETRI RABAT,Rabat / Hassan,7500,25 Oct 2022 10:40,Rabat,Hassan
66,PETIT STUDIO MEUBLÉE A LOUER,Rabat / Agdal,4200,25 Oct 2022 10:40,Rabat,Agdal
68,APPARTEMENT VIDE A MABELLA,Rabat / Mabella,6500,24 Oct 2022 15:24,Rabat,Mabella
69,Appartement vide à louer fait 120m²,Rabat,6500,24 Oct 2022 15:24,Rabat,Rabat
70,Appartement meublée en location,Rabat / Agdal,7500,24 Oct 2022 15:05,Rabat,Agdal
71,STUDIO MEUBLÉE A 4500/MOIS,Rabat / Agdal,4500,22 Oct 2022 16:52,Rabat,Agdal
72,Appartementa agdal rabat,Rabat / Agdal,7890,22 Oct 2022 00:10,Rabat,Agdal
75,Location d'un appartement  vide,Rabat,8000,21 Oct 2022 19:27,Rabat,Rabat
76,Appartements diourjama3300dha,Rabat,3300,21 Oct 2022 19:27,Rabat,Rabat
77,2nd ces diourjamaa,Rabat / Agdal,3300,21 Oct 2022 19:26,Rabat,Agdal
78,APPARTEMENT A LOUER (KBIBAT),Rabat,3800,20 Oct 2022 20:51,Rabat,Rabat
79,A AGDAL APPARTEMENT MEUBLE,Rabat / Agdal,5500,20 Oct 2022 20:50,Rabat,Agdal
80,APPARTEMENT à location par mois,Rabat / Agdal,8500,20 Oct 2022 20:50,Rabat,Agdal
81,Location ht agdal pres de descartes,Rabat / Agdal,10500,20 Oct 2022 13:11,Rabat,Agdal
83,Appartement meublée en location à Agdal,Rabat / Agdal,8500,19 Oct 2022 11:03,Rabat,Agdal
84,BEL APPARTEMENT FAIT 120M² A LOUER,Rabat / Agdal,7800,19 Oct 2022 11:03,Rabat,Agdal
85,APPARTEMENT A LA HAUT AGDAL A LOUER,Rabat / Agdal,12500,18 Oct 2022 10:54,Rabat,Agdal
86,Appartement meublé en location à AGDAL,Rabat / Agdal,8500,18 Oct 2022 10:54,Rabat,Agdal
88,Appt exceptionnel,Rabat,8000,16 Oct 2022 21:37,Rabat,Rabat
89,Appartement 3pieces5200dh,Rabat / Agdal,5200,14 Oct 2022 12:56,Rabat,Agdal
90,Apparmement moukawana3600dhh,Rabat / Agdal,3600,14 Oct 2022 12:55,Rabat,Agdal
92,Apparemment entièrement rénové,Rabat / Hay Al Massira,5000,13 Oct 2022 14:50,Rabat,Hay Al Massira
94,Appartement à Agdal en location,Rabat / Agdal,8500,12 Oct 2022 17:38,Rabat,Agdal
96,JOLI STUDIO MEUBLE A LOUER,Rabat / Hassan,6500,12 Oct 2022 11:02,Rabat,Hassan
97,APPARTEMENT DE 2 PIÈCES A LOUER,Rabat / Agdal,7500,12 Oct 2022 11:02,Rabat,Agdal
98,Location appartement à Agdal,Rabat / Agdal,7000,11 Oct 2022 17:24,Rabat,Agdal
99,Appartement Haut Standing,Rabat,3900,11 Oct 2022 13:52,Rabat,Rabat
100,APPARTEMENT MEUBLÉE A RABAT,Rabat,7800,11 Oct 2022 13:52,Rabat,Rabat
101,APPARTEMENT VIDE A LOCATION,Rabat,6500,11 Oct 2022 13:49,Rabat,Rabat
102,Appartement usage bureau au center ville Rabat,Rabat,5500,10 Oct 2022 15:03,Rabat,Rabat
103,Appartement 80m² deuxième étage. (Hay WIFAK - TEME,Rabat,91,10 Oct 2022 15:03,Rabat,Rabat
104,Appartement situé ocean,Rabat / Agdal,3400,09 Oct 2022 13:12,Rabat,Agdal
105,Appartement 3piece skbibat,Rabat / Agdal,3800,07 Oct 2022 11:56,Rabat,Agdal
106,Joli appartement meublé de 2 pièces à Hassan,Rabat / Hassan,5500,07 Oct 2022 11:55,Rabat,Hassan
107,Au Quartier Mabella appartement en location,Rabat / Mabella,4500,06 Oct 2022 17:39,Rabat,Mabella
108,Appartement en location,Rabat / Hay Ryad,11000,06 Oct 2022 13:11,Rabat,Hay Ryad
112,APPARTEMENT VIDE A LOUER,Rabat,8000,04 Oct 2022 15:56,Rabat,Rabat
113,PROCHE LYCEE DESCARTES APPARTEMENT 3 CH SALON,Rabat / Agdal,8000,04 Oct 2022 15:56,Rabat,Agdal
114,APPT Meublé équipé 100m à louer à Kebibat Rabat,Rabat / Hassan,8000,03 Oct 2022 16:34,Rabat,Hassan
115,Bel appartement à louer a DIOUR JAMAA,Rabat / Diour Jamaa,5500,03 Oct 2022 10:34,Rabat,Diour Jamaa
116,Bon Emplacement Agdal Rabat,Rabat / Agdal,8000,02 Oct 2022 22:57,Rabat,Agdal
117,Apt meublé hay Fath rabat,Rabat,4800,02 Oct 2022 16:20,Rabat,Rabat
118,Location un apt à l agdal,Rabat / Agdal,5000,30 Sep 2022 14:02,Rabat,Agdal
119,APPARTEMENT AVEC PLACE GARAGE HASSAN RABAT,Rabat / Hassan,6500,29 Sep 2022 18:39,Rabat,Hassan
120,Location d'un appartement à youssoufia ouest rabat,Rabat / Youssoufia,3500,29 Sep 2022 11:50,Rabat,Youssoufia
121,Joli appartement propre Hassan,Rabat / Hassan,6500,29 Sep 2022 00:23,Rabat,Hassan
122,Location d’un  Appartement vide A HAY RIAD,Rabat / Agdal,12000,28 Sep 2022 20:44,Rabat,Agdal
123,location d'un   appartement  vide a hay riad,Rabat / Agdal,12000,28 Sep 2022 20:44,Rabat,Agdal
124,APPARTEMENT MEUBLÉE A LOUER (13000DHS/MOIS),Rabat / Agdal,13000,28 Sep 2022 15:05,Rabat,Agdal
125,UN GRANDE APPARTEMENT A LOUER,Rabat,12000,28 Sep 2022 11:07,Rabat,Rabat
126,JOLI APPARTEMENT DE 3P A LOUER,Rabat / Agdal,8000,28 Sep 2022 11:07,Rabat,Agdal
127,APPARTEMENT AU CENTRE DE RABAT AGDAL,Rabat / Agdal,6000,28 Sep 2022 11:06,Rabat,Agdal
129,AGDAL APPARTEMENT 4 PIÈCES MEUBLÉ A LOUER,Rabat,8000,27 Sep 2022 13:21,Rabat,Rabat
130,APPARTEMENT MEUBLEE A 9500 Dhs/mois,Rabat / Harhoura,9500,27 Sep 2022 13:20,Rabat,Harhoura
131,Appartement de 2P a louer,Rabat,3800,27 Sep 2022 13:20,Rabat,Rabat
132,BEL APPARTEMENT VUE SUR MER A LOUER,Rabat / Ocean,6000,25 Sep 2022 21:24,Rabat,Ocean
133,Location meublée/Non Meublée à Agdal - Rabat,Rabat / Agdal,4500,25 Sep 2022 11:54,Rabat,Agdal
134,DES APPARTEMENTS MEUBLES A LOUER,Rabat,6000,24 Sep 2022 20:31,Rabat,Rabat
135,Location appartement meuble,Rabat / Agdal,11000,24 Sep 2022 20:31,Rabat,Agdal
136,APPARTEMENT MEUBLE A LA HAUT AGDAL,Rabat / Agdal,8000,24 Sep 2022 20:31,Rabat,Agdal
137,Appartement de 4 pièces sur agdal,Rabat / Agdal,8000,23 Sep 2022 19:56,Rabat,Agdal
138,Appartement à louer,Rabat / Centre ville,5500,23 Sep 2022 19:41,Rabat,Centre ville
140,شقة,Rabat / Temara,1300,21 Sep 2022 17:42,Rabat,Temara
141,JOLI APPARTEMENT A LOUER (RABAT AGDAL),Rabat / Agdal,8500,21 Sep 2022 11:51,Rabat,Agdal
142,Location un appartement meublé sur Agdal,Rabat / Agdal,12000,21 Sep 2022 11:51,Rabat,Agdal
143,APPT 2P HT STANDING,Rabat / Hassan,4200,20 Sep 2022 14:56,Rabat,Hassan
144,APPARTEMENT A LE HAUT AGDAL,Rabat / Agdal,7000,20 Sep 2022 10:40,Rabat,Agdal
145,GRAND APPARTEMENT VIDE à LOUER,Rabat,8500,20 Sep 2022 10:40,Rabat,Rabat
146,APPARTEMENT FAIT DE 110M² EN LOCATION,Rabat,3800,20 Sep 2022 10:39,Rabat,Rabat
147,APPARTEMENT 4PC PROCHE DU MALL AGDAL,Rabat,6500,20 Sep 2022 10:39,Rabat,Rabat
148,PROCHE DE RABAT CENTRE APPART 4P EN LOCATION VIDE,Rabat,6800,19 Sep 2022 13:21,Rabat,Rabat
149,LOCATION D'UN APPARTEMENT DE 3P SUR AGDAL,Rabat / Agdal,6500,17 Sep 2022 16:17,Rabat,Agdal
150,Trés bel appartement à saisir,Rabat / Hay Ryad,12500,17 Sep 2022 16:15,Rabat,Hay Ryad
152,LE HAUT AGDAL APPARTEMENT A LOUER,Rabat / Agdal,8000,15 Sep 2022 13:33,Rabat,Agdal
153,PAS LOIN DE LYCÉE DESCARTES DANS UN IMMEUBLE PROPR,Rabat,8500,15 Sep 2022 13:33,Rabat,Rabat
154,APPARTEMENT A RABAT AGDAL,Rabat / Agdal,4800,15 Sep 2022 13:33,Rabat,Agdal
155,Appt meublé,Rabat / Agdal,7000,15 Sep 2022 11:05,Rabat,Agdal
157,Appartement centre ville rabat,Rabat / Agdal,3800,14 Sep 2022 05:42,Rabat,Agdal
158,Appartement 4 pièces,Rabat / Agdal,4500,14 Sep 2022 05:42,Rabat,Agdal
159,APPT HT STANDING EN LOCATION,Rabat / Hassan,4200,13 Sep 2022 13:24,Rabat,Hassan
160,Appartement a louer  PRESTIGIA RIAD RABAT,Rabat / Hay Ryad,11000,12 Sep 2022 23:36,Rabat,Hay Ryad
161,Superbe appart meublé à louer Wifak Temara,Rabat,4800,12 Sep 2022 19:23,Rabat,Rabat
163,APPARTEMENT EN LOCATION A QBIBAT,Rabat,3500,12 Sep 2022 16:37,Rabat,Rabat
164,Appartement hay ryad expose,Rabat / Agdal,6500,12 Sep 2022 10:44,Rabat,Agdal
165,Appartement prestigieux ryad7000dh,Rabat / Hay Ryad,7000,12 Sep 2022 10:38,Rabat,Hay Ryad
166,Appartementsitué ocean,Rabat / Agdal,3300,12 Sep 2022 10:38,Rabat,Agdal
167,Appartement 3pieces,Rabat / Agdal,4000,10 Sep 2022 19:44,Rabat,Agdal
168,Appartement centre agdal4200dh,Rabat / Agdal,4200,08 Sep 2022 16:48,Rabat,Agdal
169,Appartement hay ryad,Rabat / Hay Ryad,4800,07 Sep 2022 13:16,Rabat,Hay Ryad
170,Location appartement,Rabat / Akkari,3200,06 Sep 2022 16:57,Rabat,Akkari
171,Bel appartement agdal 3pieces,Rabat / Agdal,6300,06 Sep 2022 16:56,Rabat,Agdal
172,Location appartement,Rabat / Akkari,3200,05 Sep 2022 22:04,Rabat,Akkari
173,Appartement d'une maison,Rabat / Akkari,3200,05 Sep 2022 22:03,Rabat,Akkari
174,Appartement location,Rabat / Akkari,3200,05 Sep 2022 22:03,Rabat,Akkari
175,APPARTEMENT FAIT 135M² SUR AGDAL A LOUER,Rabat / Agdal,7000,05 Sep 2022 13:04,Rabat,Agdal
176,Grande appartement a louer,Rabat / Agdal,8000,05 Sep 2022 10:55,Rabat,Agdal
178,APPARTEMENT EN LOCATION SUR AVIATION MABELLA,Rabat / Mabella,6500,05 Sep 2022 10:54,Rabat,Mabella
179,Appartement à loué,Rabat,3500,05 Sep 2022 10:22,Rabat,Rabat
180,Appartement situé rabat,Rabat / Agdal,4000,04 Sep 2022 06:16,Rabat,Agdal
181,Apparemment avenue hassan2,Rabat / Agdal,4000,04 Sep 2022 06:15,Rabat,Agdal
182,Duplex meublé avec piscine à louer à Harhoura,Rabat / Harhoura,8000,04 Sep 2022 06:15,Rabat,Harhoura
183,Appartement à louer à lot habitable slimane,Rabat / Yacoub El Mansour,4500,02 Sep 2022 22:29,Rabat,Yacoub El Mansour
184,Appartement meublée a louer haut agdal,Rabat,10000,31 Aoû 2022 19:35,Rabat,Rabat
185,APPARTEMENT DE 5P MEUBLE A LOUER,Rabat,12000,31 Aoû 2022 14:36,Rabat,Rabat
186,LOCATION UN APPARTEMENT DE 4P,Rabat,7500,31 Aoû 2022 14:36,Rabat,Rabat
187,Appartement vide en location,Rabat,4000,31 Aoû 2022 14:35,Rabat,Rabat
188,Appartement de 3 pièces en location,Rabat,4000,31 Aoû 2022 11:26,Rabat,Rabat
189,APPARTEMENT EN LOCATION A SALA JADIDA,Rabat / Sala Jadida,4500,30 Aoû 2022 16:34,Rabat,Sala Jadida
190,APPARTEMENT A LOCATION 6000 DHS,Rabat,6000,30 Aoû 2022 16:34,Rabat,Rabat
191,APPARTEMENT AU CENTRE DE RABAT A LOUER,Rabat,6500,30 Aoû 2022 09:35,Rabat,Rabat
192,LE HAUT AGDAL APPARTEMENT VIDE A LOUER,Rabat / Agdal,8000,30 Aoû 2022 09:35,Rabat,Agdal
193,APPARTEMENT VIDE EN LOCATION SUR AGDAL,Rabat / Agdal,7800,30 Aoû 2022 09:35,Rabat,Agdal
194,UN APPARTEMENT EN LOCATION SUR MABELLA,Rabat / Agdal,6500,30 Aoû 2022 09:35,Rabat,Agdal
197,Appartement 4 pièces en location,Rabat / Agdal,8000,29 Aoû 2022 16:33,Rabat,Agdal
198,Bel appartement meublé à 8500dhs,Rabat / Agdal,8500,29 Aoû 2022 15:07,Rabat,Agdal
199,Appartement Résidence Clos des Pins,Rabat / Agdal,10000,29 Aoû 2022 10:45,Rabat,Agdal
202,Appartement ensoleillé avec jardin à Hay Riad,Rabat / Hay Ryad,11500,27 Aoû 2022 04:24,Rabat,Hay Ryad
204,Appartement près du Lycée Descartes,Rabat / Agdal,9000,27 Aoû 2022 04:21,Rabat,Agdal
206,Appartement situe agdal 95m,Rabat / Agdal,6500,26 Aoû 2022 00:18,Rabat,Agdal
207,Appartement meublé (2 chambres),Rabat / Harhoura,7500,25 Aoû 2022 19:36,Rabat,Harhoura
208,Appartement spacieux à louer à l'Agdal,Rabat / Agdal,9000,25 Aoû 2022 19:22,Rabat,Agdal
209,Appartement ht standing 2p,Rabat / Hassan,4300,25 Aoû 2022 15:20,Rabat,Hassan
210,Appartement 3p en location,Rabat / Centre ville,4200,25 Aoû 2022 15:20,Rabat,Centre ville
211,Appartement meublé avec terrasse à Bassatine Al Ma,Rabat,10000,25 Aoû 2022 14:14,Rabat,Rabat
212,Appartementà louer sur haut agdal,Rabat / Agdal,6500,25 Aoû 2022 13:11,Rabat,Agdal
213,Appartement meublé  à Bassati Al Manzeh,Rabat,10000,25 Aoû 2022 13:10,Rabat,Rabat
214,APPARTEMENT PROCHE A LA GARE D'AGDAL,Rabat / Agdal,8500,25 Aoû 2022 10:54,Rabat,Agdal
215,LOCATION VIDE D'UN APPARTEMENT,Rabat / Agdal,4000,25 Aoû 2022 10:54,Rabat,Agdal
216,APPARTEMENT 3PIÈCE A LOUER,Rabat / Agdal,7800,25 Aoû 2022 10:54,Rabat,Agdal
217,Appt bien situé..gare Agdal,Rabat / Agdal,4500,25 Aoû 2022 10:01,Rabat,Agdal
218,Appartement hay nahda,Rabat / Hay Ennahda,4600,25 Aoû 2022 10:01,Rabat,Hay Ennahda
221,Appartement meublé à louer  à Agdal RABAT,Rabat / Agdal,10000,24 Aoû 2022 22:50,Rabat,Agdal
222,Appartement à harhoura,Rabat / Harhoura,6000,24 Aoû 2022 22:49,Rabat,Harhoura
223,Coquette appartement refaite à neuf à Hassan,Rabat / Hassan,7500,24 Aoû 2022 22:49,Rabat,Hassan
224,DUPLEX EN LOCATION SUR LE HAUT D’AGDAL,Rabat / Agdal,9300,24 Aoû 2022 14:36,Rabat,Agdal
225,Joli appartement vide à AGDAL,Rabat / Agdal,10000,24 Aoû 2022 14:32,Rabat,Agdal
226,Spacieux 142 m2 très bien rénové et équipé,Rabat,8500,23 Aoû 2022 23:23,Rabat,Rabat
227,Appartement en location,Rabat / Mabella,6500,22 Aoû 2022 21:11,Rabat,Mabella
228,Bel appartement à Harhoura,Rabat / Harhoura,6000,22 Aoû 2022 17:37,Rabat,Harhoura
229,Appartement bien situé,Rabat / Ocean,3500,22 Aoû 2022 11:44,Rabat,Ocean
230,Appartement à louer hay riad,Rabat / Hay Ryad,8500,20 Aoû 2022 19:55,Rabat,Hay Ryad
231,Appartement à Salé el Jadida de 104m²,Rabat / Sala Jadida,4000,20 Aoû 2022 12:54,Rabat,Sala Jadida
232,Location par mois,Rabat / Youssoufia,8000,19 Aoû 2022 16:53,Rabat,Youssoufia
233,Magnifique appartement  à louer sur Haut Agdal,Rabat / Agdal,6500,19 Aoû 2022 15:37,Rabat,Agdal
235,Appartement meublé à louer  à Agdal RABAT,Rabat / Agdal,10000,19 Aoû 2022 15:36,Rabat,Agdal
236,Location appartement Agdal,Rabat / Agdal,13000,19 Aoû 2022 12:44,Rabat,Agdal
237,LOCATION D'UN IMMEUBLE PROPRE PRES LYCÉE DESCARTES,Rabat,8000,18 Aoû 2022 22:15,Rabat,Rabat
238,Appartement a louer a agdal,Rabat / Agdal,6500,18 Aoû 2022 22:15,Rabat,Agdal
239,APPARTEMENT EN LOCATION AU CENTRE DE RABAT AGDAL,Rabat / Agdal,4800,17 Aoû 2022 16:36,Rabat,Agdal
240,Appartement situé 3pieces,Rabat / Agdal,3800,16 Aoû 2022 16:13,Rabat,Agdal
242,Location d'un bel appartement,Rabat / Hay Al Fath,4400,16 Aoû 2022 10:44,Rabat,Hay Al Fath
243,Appartement vue sur mer,Rabat / Agdal,7000,15 Aoû 2022 22:17,Rabat,Agdal
244,Appartement four jamaa2800dh,Rabat / Agdal,2800,15 Aoû 2022 11:05,Rabat,Agdal
245,UN APPARTEMENT VIDE A LOUER SUR AGDAL,Rabat / Agdal,5500,15 Aoû 2022 10:35,Rabat,Agdal
246,Recherche appartement,Rabat,2500,14 Aoû 2022 18:45,Rabat,Rabat
247,Apartement a louer,Rabat / Yacoub El Mansour,1900,12 Aoû 2022 09:28,Rabat,Yacoub El Mansour
248,Petite appartement pour filles,Rabat / Yacoub El Mansour,2000,11 Aoû 2022 20:07,Rabat,Yacoub El Mansour
249,APPARTEMENT 2CH SALON A 5500 DHS SUR AGDAL,Rabat / Agdal,5500,11 Aoû 2022 12:44,Rabat,Agdal
250,COQUET APPARTEMENT 3P VIDE AU CENTRE D AGDAL,Rabat / Agdal,7000,11 Aoû 2022 12:44,Rabat,Agdal
251,Appartement à louer,Rabat / Hay Ryad,10000,10 Aoû 2022 10:50,Rabat,Hay Ryad
252,Appartement à louer,Rabat / Agdal,7500,09 Aoû 2022 17:14,Rabat,Agdal
253,Appartement à louer souissi,Rabat / Souissi,4500,08 Aoû 2022 18:52,Rabat,Souissi
254,Appartement ht standing,Rabat / Hassan,4300,07 Aoû 2022 10:23,Rabat,Hassan
255,Appartement situeryadm,Rabat / Agdal,5500,06 Aoû 2022 22:31,Rabat,Agdal
256,Appartement meublé à louer pour longue durée à Rab,Rabat / Agdal,5500,05 Aoû 2022 15:43,Rabat,Agdal
257,Appartement harbour à,Rabat / Agdal,5000,05 Aoû 2022 11:04,Rabat,Agdal
258,Appartement neuf a louer,Rabat / Ocean,4700,04 Aoû 2022 20:59,Rabat,Ocean
259,APPT HT STANDING,Rabat / Hassan,4300,04 Aoû 2022 14:25,Rabat,Hassan
260,Jolie appartement à temara wifak,Rabat / Temara,3000,01 Aoû 2022 15:18,Rabat,Temara
261,Location appartement à l'agdal,Rabat / Agdal,7500,01 Aoû 2022 12:22,Rabat,Agdal
262,Appartement à loué,Rabat / Hay Al Fath,7000,30 Jul 2022 16:29,Rabat,Hay Al Fath
263,Location youssoufia,Rabat / Youssoufia,1300,30 Jul 2022 11:52,Rabat,Youssoufia
264,Location Appart 92m2 4 pièces AGDAL Gare + Garage,Rabat / Agdal,7000,29 Jul 2022 13:43,Rabat,Agdal
265,Location Appart 92m2 4 pièces AGDAL Gare + Garage,Rabat,7000,29 Jul 2022 13:43,Rabat,Rabat
266,Appartementhaut standing,Rabat / Ocean,6500,27 Jul 2022 12:07,Rabat,Ocean
267,Appart meublée,Rabat / Centre ville,13000,27 Jul 2022 10:17,Rabat,Centre ville
268,Chambre meublée pour fille près du tram,Rabat / Yacoub El Mansour,950,23 Jul 2022 12:13,Rabat,Yacoub El Mansour
269,Appartement a louer rabat hay nahda 1,Rabat / Hay Ennahda,2500,18 Jul 2022 15:32,Rabat,Hay Ennahda
270,Location appartement a l ocean,Rabat / Ocean,5000,17 Jul 2022 19:14,Rabat,Ocean
272,Appartement meublé  à louer à Agdal,Rabat / Agdal,7000,09 Jul 2022 09:16,Rabat,Agdal
273,Location appartement,Rabat,1500,08 Jul 2022 11:03,Rabat,Rabat
274,Appartement situé 3p4000dh,Rabat / Qbibat,4000,07 Jul 2022 12:53,Rabat,Qbibat
275,Superbe appartement sans vis à vis à vendre à pres,Rabat,12000,06 Jul 2022 11:55,Rabat,Rabat
276,Appartement situe haut hassan5300dh,Rabat / Agdal,5300,06 Jul 2022 08:59,Rabat,Agdal
277,App situé hasan3500dh,Rabat / Agdal,3500,02 Jul 2022 09:53,Rabat,Agdal
278,Joli appartement en location,Rabat / Ocean,6000,01 Jul 2022 11:34,Rabat,Ocean
282,BEL APPART A LOUE,Rabat / Agdal,9000,29 Jun 2022 16:10,Rabat,Agdal
283,EN LOCATION UN APPARTEMENT A AGDAL,Rabat / Agdal,8500,29 Jun 2022 16:10,Rabat,Agdal
284,APPARTEMENT MEUBLÉE DE 4P,Rabat / Agdal,8000,29 Jun 2022 16:10,Rabat,Agdal
285,UN APPARTEMENT EN LOCATION 8000 DH/MOIS,Rabat / Agdal,8000,29 Jun 2022 16:10,Rabat,Agdal
286,APPARTEMENT DE 90M² A LOUE,Rabat / Hassan,7000,29 Jun 2022 13:39,Rabat,Hassan
287,A AGDAL UN APPAT VIDE A LOUE,Rabat / Agdal,5000,29 Jun 2022 13:22,Rabat,Agdal
288,LOCATION D'UN APPARTEMENT SUR AGDAL,Rabat / Agdal,11000,29 Jun 2022 13:20,Rabat,Agdal
289,JOLI APPARTEMENT A MARINA BOUREGREG,Rabat,8500,29 Jun 2022 12:20,Rabat,Rabat
290,APPARTEMENT AVEC DOUBLE TERRASSE A LOUER,Rabat / Qbibat,4000,28 Jun 2022 11:20,Rabat,Qbibat
291,APPARTEMENT A TEMARA EN LOCATION,Rabat / Temara,4500,28 Jun 2022 10:51,Rabat,Temara
292,LOCATION MEUBLEE UN APPART A HASSAN,Rabat / Hassan,9000,27 Jun 2022 17:04,Rabat,Hassan
293,APPART DE 2P à HARHOURA,Rabat / Harhoura,8500,27 Jun 2022 17:04,Rabat,Harhoura
294,Appartement exposé ryad 5500dh,Rabat / Agdal,5500,25 Jun 2022 22:36,Rabat,Agdal
295,Joli appartement au centre ville de Rabat,Rabat,5500,25 Jun 2022 11:48,Rabat,Rabat
296,Appartement a louer,Rabat,5000,24 Jun 2022 16:11,Rabat,Rabat
297,LOCATION BEL APPARTEMENT VIDE,Rabat / Agdal,8000,24 Jun 2022 11:22,Rabat,Agdal
298,APPARTEMENT FAIT 120M² A LOCATION,Rabat,8000,23 Jun 2022 20:18,Rabat,Rabat
299,BEL APPARTEMENT 3P A LOUER,Rabat / Hassan,9000,23 Jun 2022 20:17,Rabat,Hassan
300,Appartement à louer à Hay Al Fath  Rabat,Rabat / Hay Al Fath,3000,23 Jun 2022 17:20,Rabat,Hay Al Fath
301,APPARTEMENT À LOUER RABAT,Rabat / Ocean,5000,23 Jun 2022 10:18,Rabat,Ocean
302,Appartement à louer à l’Océan Rabat.,Rabat / Ocean,5250,22 Jun 2022 12:21,Rabat,Ocean
303,Appartement à louer à l’Agdal,Rabat / Agdal,12500,22 Jun 2022 10:52,Rabat,Agdal
304,APPARTEMENT LOUE AU HAUT AGDAL,Rabat / Agdal,8000,22 Jun 2022 10:52,Rabat,Agdal
305,JOLI APPARTEMENT A LOUER,Rabat / Hassan,7500,22 Jun 2022 09:05,Rabat,Hassan
307,Appartement meublée a loué,Rabat / Agdal,6500,21 Jun 2022 12:46,Rabat,Agdal
308,APPARTEMENT VIDE A LOUER SUR RABAT,Rabat,8000,21 Jun 2022 10:19,Rabat,Rabat
309,Location meublÉeappartement avec terrasse,Rabat,8000,21 Jun 2022 10:18,Rabat,Rabat
310,Appartement hay ryad6500,Rabat / Agdal,6500,20 Jun 2022 11:23,Rabat,Agdal
311,Appartement à louer haut agdal,Rabat,7500,20 Jun 2022 09:49,Rabat,Rabat
312,Appartement meublé à hassan à louer,Rabat,9000,20 Jun 2022 09:49,Rabat,Rabat
313,LOCATION UN BEL APT AVEC GRAND TERRASSE.,Rabat,8000,20 Jun 2022 09:49,Rabat,Rabat
314,APPARTEMENT 2CH SALON TERRASSE A HASSAN,Rabat / Hassan,7500,20 Jun 2022 09:49,Rabat,Hassan
315,Appartement agdal5300,Rabat / Agdal,6300,19 Jun 2022 11:09,Rabat,Agdal
316,Appartement neuf a louer,Rabat / Ocean,4700,18 Jun 2022 20:02,Rabat,Ocean
317,Appartement situe à hay ryad6000dh,Rabat / Agdal,6000,17 Jun 2022 15:29,Rabat,Agdal
320,APPRT FAIT 70 M² A LOUER,Rabat / Agdal,4800,16 Jun 2022 18:06,Rabat,Agdal
321,Superbe appartement haut standing à louer vue mer,Rabat / Plages,1500,16 Jun 2022 15:47,Rabat,Plages
322,Apt 120m2 rez chaussé dior jamaa ravat,Rabat / Diour Jamaa,5500,14 Jun 2022 16:53,Rabat,Diour Jamaa
323,Joli appartement 2P à louer à Rabat,Rabat / Agdal,4000,14 Jun 2022 12:00,Rabat,Agdal
324,Appartement meublé avec terrasse  à louer à Agdal,Rabat / Agdal,9000,14 Jun 2022 09:01,Rabat,Agdal
326,Appartement à louer sur haut agdal,Rabat / Agdal,6500,13 Jun 2022 00:34,Rabat,Agdal
328,Location appartement 4 pièces hay el menzeh rabat,Rabat / Yacoub El Mansour,4200,12 Jun 2022 15:55,Rabat,Yacoub El Mansour
329,BEL APPARTEMENT A LOUER,Rabat / Agdal,4800,10 Jun 2022 11:23,Rabat,Agdal
330,JOLI APPARTEMENT A LOUER PAR MOIS,Rabat / Agdal,7000,10 Jun 2022 10:32,Rabat,Agdal
332,LOCATION  MEUBLE AU LONGUE DURÉE,Rabat / Agdal,8000,08 Jun 2022 16:18,Rabat,Agdal
333,BEL APPART MEUBLÉE AU CENTRE DE RABAT,Rabat / Centre ville,8000,08 Jun 2022 15:51,Rabat,Centre ville
334,LOCATION MEUBLÉE A RABAT HASSAN,Rabat / Hassan,8000,08 Jun 2022 15:50,Rabat,Hassan
335,LOCATION D'UN APPARTEMENT A (AGDAL),Rabat / Agdal,8500,08 Jun 2022 15:50,Rabat,Agdal
336,APPART A LOUER A HAY RIAD RABAT,Rabat / Hay Ryad,7500,08 Jun 2022 13:29,Rabat,Hay Ryad
337,APPARTEMENT A LOUER A RABAT HASSAN,Rabat / Hassan,7500,08 Jun 2022 09:44,Rabat,Hassan
338,Appartement vide à louer a RABAT AGDAL,Rabat / Agdal,5800,08 Jun 2022 09:44,Rabat,Agdal
339,Appartement a louer a l'agdal,Rabat / Agdal,8500,08 Jun 2022 08:58,Rabat,Agdal
340,Appartement hay ryad60m,Rabat / Agdal,5800,07 Jun 2022 11:31,Rabat,Agdal
341,Deux pieces hassan,Rabat / Agdal,3800,03 Jun 2022 15:00,Rabat,Agdal
342,Appartement meublée à louer à hay riad,Rabat,10000,03 Jun 2022 10:12,Rabat,Rabat
343,LOCATION UN BEL APPARTEMENT PROPRE,Rabat,11000,03 Jun 2022 10:12,Rabat,Rabat
344,APPARTEMENT 3CH GRAND SALON BALCON H AGDAL A LOUER,Rabat,7700,03 Jun 2022 10:12,Rabat,Rabat
345,Maison a louer,Rabat,600,01 Jun 2022 16:23,Rabat,Rabat
346,Appartement meublée rabat.,Rabat,4200,01 Jun 2022 14:58,Rabat,Rabat
347,Appartement situé agdal,Rabat / Agdal,4300,01 Jun 2022 10:10,Rabat,Agdal
348,Appartement meublé à rabat Harhoura,Rabat / Harhoura,5500,30 Mai 2022 13:02,Rabat,Harhoura
349,Location d'un appartement meublé à Agdal,Rabat / Agdal,7000,30 Mai 2022 11:16,Rabat,Agdal
350,Location d'un appartement meublé à Hay riad,Rabat / Hay Ryad,11000,30 Mai 2022 10:54,Rabat,Hay Ryad
352,Appartement situé agdal5500,Rabat / Agdal,5500,30 Mai 2022 09:51,Rabat,Agdal
353,Appartement a louer Rabat agdal,Rabat / Agdal,4500,26 Mai 2022 20:26,Rabat,Agdal
354,منزل للرهن,Rabat / Akkari,1000,25 Mai 2022 19:58,Rabat,Akkari
355,Appartement à louer,Rabat / Hay Ryad,12000,24 Mai 2022 23:40,Rabat,Hay Ryad
357,Appartement situé si our jamaa3700,Rabat / Agdal,3700,23 Mai 2022 15:11,Rabat,Agdal
358,APPT 2 CH   salon,Rabat / Ocean,4400,22 Mai 2022 22:37,Rabat,Ocean
359,شقة للايجار,Rabat,2000,21 Mai 2022 11:00,Rabat,Rabat
360,شقة للايجار,Rabat,3500,21 Mai 2022 11:00,Rabat,Rabat
364,Appartement de standing  au haut Agdal,Rabat / Agdal,13000,19 Mai 2022 11:06,Rabat,Agdal
365,Appartement a louer rabat hay nahda 1,Rabat / Hay Ennahda,3000,18 Mai 2022 17:54,Rabat,Hay Ennahda
366,Location appartement SALA AL JADIDA,Rabat / Agdal,4500,18 Mai 2022 16:03,Rabat,Agdal
367,Appartement à louer à fadesa,Rabat / Hay Ennahda,3500,17 Mai 2022 21:50,Rabat,Hay Ennahda
368,Appartement à louer clinique agdal rabat,Rabat,7000,17 Mai 2022 13:47,Rabat,Rabat
369,Location appartement,Rabat / Agdal,4500,16 Mai 2022 18:05,Rabat,Agdal
370,Appartement 45m2900dh,Rabat / Agdal,2900,16 Mai 2022 12:58,Rabat,Agdal
371,Belle Appartement rénové à Hay Nahda,Rabat / Hay Ennahda,3900,16 Mai 2022 11:21,Rabat,Hay Ennahda
373,Appartement à goal 2pieces5500,Rabat / Agdal,5500,13 Mai 2022 11:59,Rabat,Agdal
374,GARCONNIERE HASSAN3700DH,Rabat / Agdal,3700,13 Mai 2022 11:59,Rabat,Agdal
375,Appartement a louer rabat hay nahda 1,Rabat / Hay Ennahda,3100,12 Mai 2022 20:12,Rabat,Hay Ennahda
376,Location app av allal b.abdllah,Rabat / Centre ville,4500,11 Mai 2022 15:25,Rabat,Centre ville
377,Appartement hay read prestigia,Rabat / Agdal,9000,11 Mai 2022 10:20,Rabat,Agdal
378,Appartement kbibat2piece,Rabat / Agdal,3300,09 Mai 2022 16:02,Rabat,Agdal
379,Appartement 50m ptestigia,Rabat / Agdal,6300,09 Mai 2022 10:18,Rabat,Agdal
380,Appartement hay ryad,Rabat / Hay Ryad,5800,08 Mai 2022 19:04,Rabat,Hay Ryad
381,Appartement a louer,Rabat / Hay Ennahda,3500,08 Mai 2022 15:16,Rabat,Hay Ennahda
382,UNE APPARTEMENT EN LOCATION A RABAT,Rabat / Hassan,5000,07 Mai 2022 21:57,Rabat,Hassan
384,Appartement hay ryad6500,Rabat / Agdal,6500,05 Mai 2022 15:58,Rabat,Agdal
385,Appartement hay ryad60m,Rabat / Agdal,5800,05 Mai 2022 15:50,Rabat,Agdal
386,Appartement a louer à l agdal,Rabat / Agdal,5000,04 Mai 2022 22:18,Rabat,Agdal
387,Appartement kebab at 3800dh,Rabat / Agdal,3800,04 Mai 2022 13:15,Rabat,Agdal
388,GARCONNIERE SITUÉ AGDAL4500,Rabat / Agdal,4500,04 Mai 2022 13:12,Rabat,Agdal
389,Appartement vide a louer sur MAHAJ RIAD,Rabat / Hay Ryad,6800,03 Mai 2022 18:24,Rabat,Hay Ryad
391,Appartement hay ryad6500,Rabat / Agdal,6500,29 Avr 2022 14:22,Rabat,Agdal
394,Apprtement3pieces3800dh,Rabat / Agdal,3800,27 Avr 2022 13:57,Rabat,Agdal
395,Appartement propre,Rabat,6000,26 Avr 2022 10:38,Rabat,Rabat
396,Appartement situé ryad60m,Rabat / Agdal,6500,26 Avr 2022 09:00,Rabat,Agdal
397,Appartement Vide à louer Sur HAY RIAD,Rabat / Hay Ryad,7800,25 Avr 2022 04:42,Rabat,Hay Ryad
398,Appartement de standing hay ryad,Rabat / Agdal,7500,24 Avr 2022 22:32,Rabat,Agdal
399,Location appartement agdal pres de descartes,Rabat / Agdal,10500,24 Avr 2022 17:58,Rabat,Agdal
400,Appartement meublé  à louer à Agdal Rabat,Rabat / Agdal,7000,23 Avr 2022 17:20,Rabat,Agdal
401,Cherche Location Appartement pour 2000 - 2800,Rabat,2000,22 Avr 2022 23:07,Rabat,Rabat
402,Appartement 3rd ces kebati,Rabat / Qbibat,4300,21 Avr 2022 11:49,Rabat,Qbibat
403,Appartement situé rhay rmruble,Rabat / Hay Ryad,5500,19 Avr 2022 15:34,Rabat,Hay Ryad
404,Appartement situé agdal5500,Rabat / Agdal,5500,19 Avr 2022 15:28,Rabat,Agdal
405,Appartement dour jamaa2900dh,Rabat / Diour Jamaa,2900,19 Avr 2022 15:26,Rabat,Diour Jamaa
407,Deux pièces ahdal5000dj,Rabat / Agdal,5000,18 Avr 2022 16:48,Rabat,Agdal
408,Appartement à rabat,Rabat / Ocean,6200,16 Avr 2022 12:26,Rabat,Ocean
410,Appartement 2 ch salon meublé,Rabat / Ocean,4000,16 Avr 2022 12:25,Rabat,Ocean
411,Location Appart 120m2,Rabat,6800,15 Avr 2022 21:01,Rabat,Rabat
413,Appartement situé ryad2pirces,Rabat / Hay Ryad,6500,14 Avr 2022 15:15,Rabat,Hay Ryad
414,Belle appartement à RABAT centre ville,Rabat / Agdal,3800,14 Avr 2022 11:41,Rabat,Agdal
415,Appartement situé rhay ryad,Rabat / Agdal,650,13 Avr 2022 14:08,Rabat,Agdal
416,Appartement à louer,Rabat,8000,13 Avr 2022 13:00,Rabat,Rabat
418,Location meubleryad60dh/jour,Rabat / Agdal,600,11 Avr 2022 11:30,Rabat,Agdal
419,Appartement de standing ryad,Rabat / Agdal,6500,11 Avr 2022 11:28,Rabat,Agdal
420,Appartement Corniche Rabat,Rabat / Agdal,6500,10 Avr 2022 14:19,Rabat,Agdal
421,Appart 120m2 à louer Aviation Mabella,Rabat / Mabella,6500,06 Avr 2022 12:42,Rabat,Mabella
422,Appartement hay kerrakchou,Rabat / Hay Al Fath,2300,04 Avr 2022 22:18,Rabat,Hay Al Fath
423,Appartement situé hay agdal,Rabat / Agdal,5500,04 Avr 2022 17:12,Rabat,Agdal
424,Appartement spacieux lumineux hay riad,Rabat / Hay Ryad,10000,03 Avr 2022 19:48,Rabat,Hay Ryad
425,Appartement meuble a louer,Rabat / Hay Ryad,11000,31 Mar 2022 14:57,Rabat,Hay Ryad
428,Appartement meublé de 60m hay el menzeh Rabat,Rabat / Yacoub El Mansour,5500,28 Mar 2022 20:18,Rabat,Yacoub El Mansour
429,Appartement en location à rabat hassan,Rabat / Hassan,7000,28 Mar 2022 17:32,Rabat,Hassan
430,Appartement129m neuf a louer,Rabat,9500,27 Mar 2022 23:20,Rabat,Rabat
431,Appartemment 110 m agdal rabat,Rabat / Agdal,5500,27 Mar 2022 14:31,Rabat,Agdal
432,Location appartement,Rabat / Ocean,3300,24 Mar 2022 18:36,Rabat,Ocean
433,Appartement CORNICHE RABAT,Rabat / Harhoura,7000,21 Mar 2022 10:07,Rabat,Harhoura
434,Appartement en location prés café la martina,Rabat / Agdal,4300,19 Mar 2022 14:29,Rabat,Agdal
435,Appartement haut standing en location,Rabat / Agdal,7000,19 Mar 2022 14:29,Rabat,Agdal
436,Grande garsoniére meublée longue durée,Rabat / Agdal,5500,19 Mar 2022 14:28,Rabat,Agdal
437,Appartement location neuf haut standing agdal,Rabat,13000,19 Mar 2022 14:28,Rabat,Rabat
438,Apartement meublé en location àrabat agdal,Rabat / Agdal,11000,18 Mar 2022 17:10,Rabat,Agdal
439,Appartement sécurisé,Rabat / Hay Ennahda,3900,18 Mar 2022 13:21,Rabat,Hay Ennahda
442,Appartements à Louer,Rabat / Hassan,5500,14 Mar 2022 13:20,Rabat,Hassan
443,Une garçonnière avec hall Qibibat,Rabat / Qbibat,2700,14 Mar 2022 13:20,Rabat,Qbibat
445,Appartement 2 ch salon meublé,Rabat / Ocean,5000,14 Mar 2022 10:42,Rabat,Ocean
446,Appartement à louer,Rabat / Diour Jamaa,3900,14 Mar 2022 06:06,Rabat,Diour Jamaa
449,Appartement guiche oudaya avec hammam beldi,Rabat / Temara,6800,11 Mar 2022 18:30,Rabat,Temara
450,Appartement,Rabat / Qbibat,33,11 Mar 2022 10:17,Rabat,Qbibat
451,Appartement meublé avec terrasse  à louer à Agdal,Rabat / Agdal,9000,10 Mar 2022 09:53,Rabat,Agdal
453,JOILI APPARTEMENT A LOUER HAY RIAD (JNANE SOUISSI),Rabat / Hay Ryad,6500,08 Mar 2022 10:54,Rabat,Hay Ryad
454,Appartements à Louer,Rabat,5500,07 Mar 2022 15:57,Rabat,Rabat
455,Appartement en location pr etudiants,Rabat,4000,07 Mar 2022 10:44,Rabat,Rabat
457,Appartement a louer,Rabat / Akkari,3100,02 Mar 2022 23:27,Rabat,Akkari
458,Appartements à louer,Rabat / Hassan,6500,01 Mar 2022 10:49,Rabat,Hassan
459,Appartements à louer,Rabat / Hassan,5500,01 Mar 2022 10:49,Rabat,Hassan
460,Appt meublé à louer à SALA ALJADIDA,Rabat,6500,27 Fév 2022 11:27,Rabat,Rabat
461,Appartement meublé à louer en haut Agdal,Rabat / Agdal,12000,24 Fév 2022 18:55,Rabat,Agdal
462,Bel appartement 2P & Salon,Rabat / Hay Ennahda,3900,24 Fév 2022 13:32,Rabat,Hay Ennahda
463,Location appartement à Mabella,Rabat / Aviation,4000,24 Fév 2022 13:20,Rabat,Aviation
464,Garçonnière océan,Rabat / Ocean,2300,24 Fév 2022 11:03,Rabat,Ocean
465,Location appartement sis a eddoha,Rabat,1500,22 Fév 2022 20:49,Rabat,Rabat
466,Appartement à louer à Agdal,Rabat / Agdal,8000,22 Fév 2022 11:41,Rabat,Agdal
467,Appartement vide à louer à Agdal,Rabat / Agdal,7000,22 Fév 2022 09:37,Rabat,Agdal
468,Appartement neuf ocean,Rabat / Ocean,6000,21 Fév 2022 10:49,Rabat,Ocean
469,Appt 2 ch salon meublé,Rabat / Ocean,5000,21 Fév 2022 10:48,Rabat,Ocean
470,Hay El Fateh. Une Joli appartement meublé à louer.,Rabat,1,19 Fév 2022 13:11,Rabat,Rabat
471,Appartement de standing au haut Agdal,Rabat / Agdal,13000,18 Fév 2022 17:56,Rabat,Agdal
472,Appartement vide à louer à Agdal,Rabat / Agdal,6000,18 Fév 2022 15:33,Rabat,Agdal
474,Magnifique appartement meuble rabat agdal,Rabat / Agdal,5000,17 Fév 2022 10:24,Rabat,Agdal
476,Appartement à plein agdal rabat,Rabat / Agdal,7500,16 Fév 2022 18:21,Rabat,Agdal
477,Appartement en location avenue michlifen,Rabat / Agdal,5500,13 Fév 2022 15:19,Rabat,Agdal
479,Appartement vide à louer à haut Agdal,Rabat / Agdal,8500,11 Fév 2022 12:09,Rabat,Agdal
480,Appartement meublé à louer,Rabat / Hassan,6000,11 Fév 2022 07:58,Rabat,Hassan
481,Appartement vide à louer à Agdal,Rabat / Agdal,8000,10 Fév 2022 16:53,Rabat,Agdal
482,Appartements meublé à Wifaq,Rabat / Temara,6000,10 Fév 2022 16:01,Rabat,Temara
483,Très bel Appartement meublée en location à Agdal,Rabat / Agdal,12000,09 Fév 2022 14:57,Rabat,Agdal
485,Appartement à louer à Wifaq,Rabat / Temara,2500,09 Fév 2022 14:54,Rabat,Temara
486,Appartement meublée de 50 m2 à louer au Haut Agdal,Rabat / Agdal,5000,09 Fév 2022 14:53,Rabat,Agdal
487,Appartement vide en location à hassan,Rabat / Agdal,7000,09 Fév 2022 14:53,Rabat,Agdal
488,Appartement vide à louer à Harhoura,Rabat / Harhoura,7000,09 Fév 2022 14:53,Rabat,Harhoura
489,Bel Appartement meublée en Location Au Haut Agdal,Rabat / Agdal,9000,09 Fév 2022 14:52,Rabat,Agdal
490,Appartement meublé à louer à agdal,Rabat / Agdal,800,08 Fév 2022 16:15,Rabat,Agdal
491,Location journalière d'un appartement meublé,Rabat / Agdal,600,08 Fév 2022 16:15,Rabat,Agdal
492,Location journalier d'un appartement meublée,Rabat / Agdal,800,08 Fév 2022 14:39,Rabat,Agdal
493,Location journalière d'un appartement meublé,Rabat / Agdal,1300,08 Fév 2022 14:35,Rabat,Agdal
494,Appart. à louer Youssoufia,Rabat / Youssoufia,2500,07 Fév 2022 09:51,Rabat,Youssoufia
495,طبقة للكراء في حي ابي رقراق,Rabat / Douar Eddoum,1500,07 Fév 2022 09:49,Rabat,Douar Eddoum
497,Appartement en location à rabat Agdal,Rabat / Agdal,7000,03 Fév 2022 17:24,Rabat,Agdal
498,Appartement vide à louer à Agdal,Rabat / Agdal,6000,02 Fév 2022 16:06,Rabat,Agdal
499,Colocation hassan,Rabat,2000,02 Fév 2022 10:58,Rabat,Rabat
500,Appartement à louer à l'agdal,Rabat / Agdal,4500,29 Jan 2022 13:53,Rabat,Agdal
501,Appartement à louer,Rabat / Diour Jamaa,6000,28 Jan 2022 21:50,Rabat,Diour Jamaa
502,Bel Appartement à Louer HAUT AGDAL,Rabat / Agdal,6500,28 Jan 2022 12:39,Rabat,Agdal
503,Location journalière d'un appartement meublé,Rabat / Agdal,1200,28 Jan 2022 10:29,Rabat,Agdal
504,Appartement en location à Rabat,Rabat,2300,27 Jan 2022 18:55,Rabat,Rabat
505,Appartement vide à louer à Hassan,Rabat / Hassan,8000,27 Jan 2022 10:08,Rabat,Hassan
507,Location appartement d'une maison,Rabat / Akkari,2200,26 Jan 2022 20:40,Rabat,Akkari
508,Appartement Vide à Louer au Haut Agdal,Rabat / Agdal,6000,26 Jan 2022 10:47,Rabat,Agdal
509,Appartement tres bien situe,Rabat / Hay Ennahda,4800,26 Jan 2022 10:46,Rabat,Hay Ennahda
510,Appartement à louer non meuble à hay chemaou salé,Rabat,3500,25 Jan 2022 23:37,Rabat,Rabat
511,Duplex meublé,Rabat / Plages,10000,24 Jan 2022 00:53,Rabat,Plages
512,Appartement vide à louer à Agdal,Rabat / Agdal,7500,22 Jan 2022 14:37,Rabat,Agdal
513,Appartement ac terrasse en location àagdal,Rabat / Agdal,6000,22 Jan 2022 14:37,Rabat,Agdal
514,à louer haut agdal,Rabat / Agdal,11000,21 Jan 2022 18:56,Rabat,Agdal
515,Appartement vide à louer à Hassan,Rabat / Hassan,5500,21 Jan 2022 09:43,Rabat,Hassan
516,Garçonnière meublée  à louer à Rabat Hassan,Rabat / Hassan,5000,20 Jan 2022 17:10,Rabat,Hassan
517,Appartement meublé avec terrasse à Bassatine,Rabat,10000,20 Jan 2022 17:10,Rabat,Rabat
518,Appartement immobilier,Rabat,400,20 Jan 2022 14:45,Rabat,Rabat
519,Location d'un appartement vide à Prestigia,Rabat / Hay Ryad,9000,18 Jan 2022 18:50,Rabat,Hay Ryad
520,Appartement vide à vendre à louer à Hay Riad,Rabat / Hay Ryad,8000,18 Jan 2022 18:49,Rabat,Hay Ryad
522,Location appartement 160mètre hay el menzeh rabat,Rabat,4000,15 Jan 2022 16:04,Rabat,Rabat
523,Appt à louer Hay Riad,Rabat / Hay Ryad,8500,15 Jan 2022 16:03,Rabat,Hay Ryad
524,Appartement vide à louer à haut agdal,Rabat / Agdal,13000,15 Jan 2022 12:07,Rabat,Agdal
526,coquette appartement refaite à neuf à Hassan,Rabat / Hassan,7500,14 Jan 2022 10:21,Rabat,Hassan
527,Location appartement 60 mètre Massira rabat,Rabat,2500,14 Jan 2022 10:21,Rabat,Rabat
528,Appartement vide à louer à Salé,Rabat / Sala Jadida,6500,13 Jan 2022 11:28,Rabat,Sala Jadida
529,Appartement meublée à louer à la résidence ALSABAH,Rabat / Residence,8000,13 Jan 2022 11:15,Rabat,Residence
530,Appartement agdal avenue michlifen,Rabat / Agdal,6000,12 Jan 2022 09:40,Rabat,Agdal
531,Appartement pr étudiants ou fonctionaires,Rabat / Ocean,4000,12 Jan 2022 09:40,Rabat,Ocean
532,Appartement bien entretenue avenue michlifen Agdal,Rabat / Agdal,5500,12 Jan 2022 09:40,Rabat,Agdal
533,Location appartement de plage  à Harhoura,Rabat / Harhoura,6000,10 Jan 2022 23:31,Rabat,Harhoura
534,Appartement vide à louer à Harhoura,Rabat / Harhoura,8000,10 Jan 2022 15:43,Rabat,Harhoura
